"Participant","Condition","50-250ms_mean_over_channels","250-400ms_mean_over_channels","Time_Window","Channel","HEP_mean_value","Subject"
"WS001","low_trial_1",-1.9640146,-0.1714064,"50-250ms","ch3",-2.0386748,"WS001"
"WS001","low_trial_1",-1.9640146,-0.1714064,"50-250ms","ch4",-1.8110622,"WS001"
"WS001","low_trial_1",-1.9640146,-0.1714064,"50-250ms","ch12",-2.2935712,"WS001"
"WS001","low_trial_1",-1.9640146,-0.1714064,"50-250ms","ch13",-1.7127498,"WS001"
"WS001","low_trial_1",-1.9640146,-0.1714064,"250-400ms","ch3",-0.47224185,"WS001"
"WS001","low_trial_1",-1.9640146,-0.1714064,"250-400ms","ch4",-0.06150439,"WS001"
"WS001","low_trial_1",-1.9640146,-0.1714064,"250-400ms","ch12",-0.24403301,"WS001"
"WS001","low_trial_1",-1.9640146,-0.1714064,"250-400ms","ch13",0.09215362,"WS001"
"WS001","low_trial_2",1.2454474,-0.33387867,"50-250ms","ch3",0.9507151,"WS001"
"WS001","low_trial_2",1.2454474,-0.33387867,"50-250ms","ch4",1.5424598,"WS001"
"WS001","low_trial_2",1.2454474,-0.33387867,"50-250ms","ch12",1.3971283,"WS001"
"WS001","low_trial_2",1.2454474,-0.33387867,"50-250ms","ch13",1.0914865,"WS001"
"WS001","low_trial_2",1.2454474,-0.33387867,"250-400ms","ch3",-0.13570483,"WS001"
"WS001","low_trial_2",1.2454474,-0.33387867,"250-400ms","ch4",-0.51747227,"WS001"
"WS001","low_trial_2",1.2454474,-0.33387867,"250-400ms","ch12",-0.29408145,"WS001"
"WS001","low_trial_2",1.2454474,-0.33387867,"250-400ms","ch13",-0.38825616,"WS001"
"WS001","med_trial_1",0.16493617,-1.3866243,"50-250ms","ch3",0.19716331,"WS001"
"WS001","med_trial_1",0.16493617,-1.3866243,"50-250ms","ch4",0.04676282,"WS001"
"WS001","med_trial_1",0.16493617,-1.3866243,"50-250ms","ch12",0.19547597,"WS001"
"WS001","med_trial_1",0.16493617,-1.3866243,"50-250ms","ch13",0.22034259,"WS001"
"WS001","med_trial_1",0.16493617,-1.3866243,"250-400ms","ch3",-1.2675087,"WS001"
"WS001","med_trial_1",0.16493617,-1.3866243,"250-400ms","ch4",-1.4912281,"WS001"
"WS001","med_trial_1",0.16493617,-1.3866243,"250-400ms","ch12",-1.2584472,"WS001"
"WS001","med_trial_1",0.16493617,-1.3866243,"250-400ms","ch13",-1.529313,"WS001"
"WS001","med_trial_2",0.5900973,0.84005356,"50-250ms","ch3",0.6390993,"WS001"
"WS001","med_trial_2",0.5900973,0.84005356,"50-250ms","ch4",0.55488753,"WS001"
"WS001","med_trial_2",0.5900973,0.84005356,"50-250ms","ch12",0.72540885,"WS001"
"WS001","med_trial_2",0.5900973,0.84005356,"50-250ms","ch13",0.44099343,"WS001"
"WS001","med_trial_2",0.5900973,0.84005356,"250-400ms","ch3",1.1339543,"WS001"
"WS001","med_trial_2",0.5900973,0.84005356,"250-400ms","ch4",0.5573479,"WS001"
"WS001","med_trial_2",0.5900973,0.84005356,"250-400ms","ch12",0.5132171,"WS001"
"WS001","med_trial_2",0.5900973,0.84005356,"250-400ms","ch13",1.1556951,"WS001"
"WS001","high_trial_1",-0.030742126,1.6365196,"50-250ms","ch3",0.13901593,"WS001"
"WS001","high_trial_1",-0.030742126,1.6365196,"50-250ms","ch4",-0.21856433,"WS001"
"WS001","high_trial_1",-0.030742126,1.6365196,"50-250ms","ch12",0.04646162,"WS001"
"WS001","high_trial_1",-0.030742126,1.6365196,"50-250ms","ch13",-0.08988172,"WS001"
"WS001","high_trial_1",-0.030742126,1.6365196,"250-400ms","ch3",2.3589704,"WS001"
"WS001","high_trial_1",-0.030742126,1.6365196,"250-400ms","ch4",0.7067129,"WS001"
"WS001","high_trial_1",-0.030742126,1.6365196,"250-400ms","ch12",2.9150157,"WS001"
"WS001","high_trial_1",-0.030742126,1.6365196,"250-400ms","ch13",0.56537896,"WS001"
"WS001","high_trial_2",-0.47137642,2.1772559,"50-250ms","ch3",-0.57763344,"WS001"
"WS001","high_trial_2",-0.47137642,2.1772559,"50-250ms","ch4",-0.30264652,"WS001"
"WS001","high_trial_2",-0.47137642,2.1772559,"50-250ms","ch12",-0.43752858,"WS001"
"WS001","high_trial_2",-0.47137642,2.1772559,"50-250ms","ch13",-0.5676972,"WS001"
"WS001","high_trial_2",-0.47137642,2.1772559,"250-400ms","ch3",2.745664,"WS001"
"WS001","high_trial_2",-0.47137642,2.1772559,"250-400ms","ch4",1.7716163,"WS001"
"WS001","high_trial_2",-0.47137642,2.1772559,"250-400ms","ch12",1.5794383,"WS001"
"WS001","high_trial_2",-0.47137642,2.1772559,"250-400ms","ch13",2.6123054,"WS001"
"WS002","low_trial_1",1.4194174,-2.2052891,"50-250ms","ch3",1.0257169,"WS002"
"WS002","low_trial_1",1.4194174,-2.2052891,"50-250ms","ch4",2.6859295,"WS002"
"WS002","low_trial_1",1.4194174,-2.2052891,"50-250ms","ch12",0.13856187,"WS002"
"WS002","low_trial_1",1.4194174,-2.2052891,"50-250ms","ch13",1.8274612,"WS002"
"WS002","low_trial_1",1.4194174,-2.2052891,"250-400ms","ch3",-2.2111366,"WS002"
"WS002","low_trial_1",1.4194174,-2.2052891,"250-400ms","ch4",-2.0604212,"WS002"
"WS002","low_trial_1",1.4194174,-2.2052891,"250-400ms","ch12",-1.7195883,"WS002"
"WS002","low_trial_1",1.4194174,-2.2052891,"250-400ms","ch13",-2.8300102,"WS002"
"WS002","low_trial_2",-3.0288315,2.527072,"50-250ms","ch3",-3.741706,"WS002"
"WS002","low_trial_2",-3.0288315,2.527072,"50-250ms","ch4",-2.739491,"WS002"
"WS002","low_trial_2",-3.0288315,2.527072,"50-250ms","ch12",-3.9786172,"WS002"
"WS002","low_trial_2",-3.0288315,2.527072,"50-250ms","ch13",-1.6555123,"WS002"
"WS002","low_trial_2",-3.0288315,2.527072,"250-400ms","ch3",2.3234012,"WS002"
"WS002","low_trial_2",-3.0288315,2.527072,"250-400ms","ch4",2.7121434,"WS002"
"WS002","low_trial_2",-3.0288315,2.527072,"250-400ms","ch12",2.7806885,"WS002"
"WS002","low_trial_2",-3.0288315,2.527072,"250-400ms","ch13",2.2920551,"WS002"
"WS002","med_trial_1",0.75445825,-2.0717754,"50-250ms","ch3",1.3428003,"WS002"
"WS002","med_trial_1",0.75445825,-2.0717754,"50-250ms","ch4",0.6587546,"WS002"
"WS002","med_trial_1",0.75445825,-2.0717754,"50-250ms","ch12",0.30917844,"WS002"
"WS002","med_trial_1",0.75445825,-2.0717754,"50-250ms","ch13",0.7070996,"WS002"
"WS002","med_trial_1",0.75445825,-2.0717754,"250-400ms","ch3",-2.281886,"WS002"
"WS002","med_trial_1",0.75445825,-2.0717754,"250-400ms","ch4",-2.6663377,"WS002"
"WS002","med_trial_1",0.75445825,-2.0717754,"250-400ms","ch12",-1.3239225,"WS002"
"WS002","med_trial_1",0.75445825,-2.0717754,"250-400ms","ch13",-2.0149553,"WS002"
"WS002","med_trial_2",-2.4437344,-0.76816773,"50-250ms","ch3",-3.1420557,"WS002"
"WS002","med_trial_2",-2.4437344,-0.76816773,"50-250ms","ch4",-2.4155016,"WS002"
"WS002","med_trial_2",-2.4437344,-0.76816773,"50-250ms","ch12",-0.34919068,"WS002"
"WS002","med_trial_2",-2.4437344,-0.76816773,"50-250ms","ch13",-3.86819,"WS002"
"WS002","med_trial_2",-2.4437344,-0.76816773,"250-400ms","ch3",-0.8106334,"WS002"
"WS002","med_trial_2",-2.4437344,-0.76816773,"250-400ms","ch4",-0.831786,"WS002"
"WS002","med_trial_2",-2.4437344,-0.76816773,"250-400ms","ch12",-0.812187,"WS002"
"WS002","med_trial_2",-2.4437344,-0.76816773,"250-400ms","ch13",-0.6180647,"WS002"
"WS002","high_trial_1",1.1655917,0.43091458,"50-250ms","ch3",1.3200965,"WS002"
"WS002","high_trial_1",1.1655917,0.43091458,"50-250ms","ch4",1.4319274,"WS002"
"WS002","high_trial_1",1.1655917,0.43091458,"50-250ms","ch12",-1.3093106,"WS002"
"WS002","high_trial_1",1.1655917,0.43091458,"50-250ms","ch13",3.2196536,"WS002"
"WS002","high_trial_1",1.1655917,0.43091458,"250-400ms","ch3",1.0921686,"WS002"
"WS002","high_trial_1",1.1655917,0.43091458,"250-400ms","ch4",0.41590452,"WS002"
"WS002","high_trial_1",1.1655917,0.43091458,"250-400ms","ch12",-0.60672575,"WS002"
"WS002","high_trial_1",1.1655917,0.43091458,"250-400ms","ch13",0.8223109,"WS002"
"WS002","high_trial_2",-0.9902593,1.0670769,"50-250ms","ch3",-0.8751781,"WS002"
"WS002","high_trial_2",-0.9902593,1.0670769,"50-250ms","ch4",-0.23753929,"WS002"
"WS002","high_trial_2",-0.9902593,1.0670769,"50-250ms","ch12",-0.99313617,"WS002"
"WS002","high_trial_2",-0.9902593,1.0670769,"50-250ms","ch13",-1.8551837,"WS002"
"WS002","high_trial_2",-0.9902593,1.0670769,"250-400ms","ch3",0.036558855,"WS002"
"WS002","high_trial_2",-0.9902593,1.0670769,"250-400ms","ch4",2.4617002,"WS002"
"WS002","high_trial_2",-0.9902593,1.0670769,"250-400ms","ch12",-1.2523904,"WS002"
"WS002","high_trial_2",-0.9902593,1.0670769,"250-400ms","ch13",3.0224388,"WS002"
"WS003","low_trial_1",0.3183358,-0.640814,"50-250ms","ch3",0.49146637,"WS003"
"WS003","low_trial_1",0.3183358,-0.640814,"50-250ms","ch4",0.1080603,"WS003"
"WS003","low_trial_1",0.3183358,-0.640814,"50-250ms","ch12",0.3200705,"WS003"
"WS003","low_trial_1",0.3183358,-0.640814,"50-250ms","ch13",0.35374603,"WS003"
"WS003","low_trial_1",0.3183358,-0.640814,"250-400ms","ch3",-1.0355145,"WS003"
"WS003","low_trial_1",0.3183358,-0.640814,"250-400ms","ch4",-0.0711962,"WS003"
"WS003","low_trial_1",0.3183358,-0.640814,"250-400ms","ch12",-0.6897221,"WS003"
"WS003","low_trial_1",0.3183358,-0.640814,"250-400ms","ch13",-0.7668233,"WS003"
"WS003","low_trial_2",-0.5467927,-2.2093496,"50-250ms","ch3",-0.67793524,"WS003"
"WS003","low_trial_2",-0.5467927,-2.2093496,"50-250ms","ch4",-0.5765937,"WS003"
"WS003","low_trial_2",-0.5467927,-2.2093496,"50-250ms","ch12",-0.59629565,"WS003"
"WS003","low_trial_2",-0.5467927,-2.2093496,"50-250ms","ch13",-0.3363462,"WS003"
"WS003","low_trial_2",-0.5467927,-2.2093496,"250-400ms","ch3",-2.0011377,"WS003"
"WS003","low_trial_2",-0.5467927,-2.2093496,"250-400ms","ch4",-2.7457385,"WS003"
"WS003","low_trial_2",-0.5467927,-2.2093496,"250-400ms","ch12",-2.1954174,"WS003"
"WS003","low_trial_2",-0.5467927,-2.2093496,"250-400ms","ch13",-1.8951046,"WS003"
"WS003","med_trial_1",0.30910555,1.115427,"50-250ms","ch3",-0.44487843,"WS003"
"WS003","med_trial_1",0.30910555,1.115427,"50-250ms","ch4",1.1863105,"WS003"
"WS003","med_trial_1",0.30910555,1.115427,"50-250ms","ch12",0.36208305,"WS003"
"WS003","med_trial_1",0.30910555,1.115427,"50-250ms","ch13",0.13290699,"WS003"
"WS003","med_trial_1",0.30910555,1.115427,"250-400ms","ch3",0.6180893,"WS003"
"WS003","med_trial_1",0.30910555,1.115427,"250-400ms","ch4",1.5844787,"WS003"
"WS003","med_trial_1",0.30910555,1.115427,"250-400ms","ch12",1.0360992,"WS003"
"WS003","med_trial_1",0.30910555,1.115427,"250-400ms","ch13",1.2230406,"WS003"
"WS003","med_trial_2",-0.24807379,-1.1944573,"50-250ms","ch3",-0.8296389,"WS003"
"WS003","med_trial_2",-0.24807379,-1.1944573,"50-250ms","ch4",0.5568611,"WS003"
"WS003","med_trial_2",-0.24807379,-1.1944573,"50-250ms","ch12",-0.22760166,"WS003"
"WS003","med_trial_2",-0.24807379,-1.1944573,"50-250ms","ch13",-0.49191573,"WS003"
"WS003","med_trial_2",-0.24807379,-1.1944573,"250-400ms","ch3",-1.2351866,"WS003"
"WS003","med_trial_2",-0.24807379,-1.1944573,"250-400ms","ch4",-1.2185804,"WS003"
"WS003","med_trial_2",-0.24807379,-1.1944573,"250-400ms","ch12",-1.3355157,"WS003"
"WS003","med_trial_2",-0.24807379,-1.1944573,"250-400ms","ch13",-0.98854685,"WS003"
"WS003","high_trial_1",-1.5041578,-0.5410121,"50-250ms","ch3",-1.3312355,"WS003"
"WS003","high_trial_1",-1.5041578,-0.5410121,"50-250ms","ch4",-1.8369995,"WS003"
"WS003","high_trial_1",-1.5041578,-0.5410121,"50-250ms","ch12",-1.2241278,"WS003"
"WS003","high_trial_1",-1.5041578,-0.5410121,"50-250ms","ch13",-1.6242685,"WS003"
"WS003","high_trial_1",-1.5041578,-0.5410121,"250-400ms","ch3",-0.43145823,"WS003"
"WS003","high_trial_1",-1.5041578,-0.5410121,"250-400ms","ch4",-0.6839325,"WS003"
"WS003","high_trial_1",-1.5041578,-0.5410121,"250-400ms","ch12",-0.6116603,"WS003"
"WS003","high_trial_1",-1.5041578,-0.5410121,"250-400ms","ch13",-0.4369974,"WS003"
"WS003","high_trial_2",-0.34963173,-1.0690677,"50-250ms","ch3",-0.37311786,"WS003"
"WS003","high_trial_2",-0.34963173,-1.0690677,"50-250ms","ch4",-0.33006412,"WS003"
"WS003","high_trial_2",-0.34963173,-1.0690677,"50-250ms","ch12",-0.30408207,"WS003"
"WS003","high_trial_2",-0.34963173,-1.0690677,"50-250ms","ch13",-0.39126286,"WS003"
"WS003","high_trial_2",-0.34963173,-1.0690677,"250-400ms","ch3",-1.4101216,"WS003"
"WS003","high_trial_2",-0.34963173,-1.0690677,"250-400ms","ch4",-0.76889753,"WS003"
"WS003","high_trial_2",-0.34963173,-1.0690677,"250-400ms","ch12",-1.1786513,"WS003"
"WS003","high_trial_2",-0.34963173,-1.0690677,"250-400ms","ch13",-0.91860056,"WS003"
"WS004","low_trial_1",-1.4952606,0.6016263,"50-250ms","ch3",-1.837294,"WS004"
"WS004","low_trial_1",-1.4952606,0.6016263,"50-250ms","ch4",-1.2898082,"WS004"
"WS004","low_trial_1",-1.4952606,0.6016263,"50-250ms","ch12",-1.8326029,"WS004"
"WS004","low_trial_1",-1.4952606,0.6016263,"50-250ms","ch13",-1.0213374,"WS004"
"WS004","low_trial_1",-1.4952606,0.6016263,"250-400ms","ch3",0.6992019,"WS004"
"WS004","low_trial_1",-1.4952606,0.6016263,"250-400ms","ch4",0.66982865,"WS004"
"WS004","low_trial_1",-1.4952606,0.6016263,"250-400ms","ch12",0.28043535,"WS004"
"WS004","low_trial_1",-1.4952606,0.6016263,"250-400ms","ch13",0.7570393,"WS004"
"WS004","low_trial_2",0.897695,0.94314206,"50-250ms","ch3",0.9589538,"WS004"
"WS004","low_trial_2",0.897695,0.94314206,"50-250ms","ch4",0.87900794,"WS004"
"WS004","low_trial_2",0.897695,0.94314206,"50-250ms","ch12",0.8701782,"WS004"
"WS004","low_trial_2",0.897695,0.94314206,"50-250ms","ch13",0.88264006,"WS004"
"WS004","low_trial_2",0.897695,0.94314206,"250-400ms","ch3",0.8738597,"WS004"
"WS004","low_trial_2",0.897695,0.94314206,"250-400ms","ch4",1.0129293,"WS004"
"WS004","low_trial_2",0.897695,0.94314206,"250-400ms","ch12",0.9153048,"WS004"
"WS004","low_trial_2",0.897695,0.94314206,"250-400ms","ch13",0.9704741,"WS004"
"WS004","med_trial_1",2.0724561,-0.5370054,"50-250ms","ch3",1.9474568,"WS004"
"WS004","med_trial_1",2.0724561,-0.5370054,"50-250ms","ch4",2.120411,"WS004"
"WS004","med_trial_1",2.0724561,-0.5370054,"50-250ms","ch12",2.7196496,"WS004"
"WS004","med_trial_1",2.0724561,-0.5370054,"50-250ms","ch13",1.5023069,"WS004"
"WS004","med_trial_1",2.0724561,-0.5370054,"250-400ms","ch3",-0.69516706,"WS004"
"WS004","med_trial_1",2.0724561,-0.5370054,"250-400ms","ch4",-0.39027742,"WS004"
"WS004","med_trial_1",2.0724561,-0.5370054,"250-400ms","ch12",-0.740536,"WS004"
"WS004","med_trial_1",2.0724561,-0.5370054,"250-400ms","ch13",-0.32204124,"WS004"
"WS004","med_trial_2",2.5112271,-1.0485828,"50-250ms","ch3",2.5814779,"WS004"
"WS004","med_trial_2",2.5112271,-1.0485828,"50-250ms","ch4",2.800892,"WS004"
"WS004","med_trial_2",2.5112271,-1.0485828,"50-250ms","ch12",2.070088,"WS004"
"WS004","med_trial_2",2.5112271,-1.0485828,"50-250ms","ch13",2.592451,"WS004"
"WS004","med_trial_2",2.5112271,-1.0485828,"250-400ms","ch3",-1.1884999,"WS004"
"WS004","med_trial_2",2.5112271,-1.0485828,"250-400ms","ch4",-1.048433,"WS004"
"WS004","med_trial_2",2.5112271,-1.0485828,"250-400ms","ch12",-0.59610134,"WS004"
"WS004","med_trial_2",2.5112271,-1.0485828,"250-400ms","ch13",-1.3612972,"WS004"
"WS004","high_trial_1",-0.78533655,1.2974788,"50-250ms","ch3",-0.8006202,"WS004"
"WS004","high_trial_1",-0.78533655,1.2974788,"50-250ms","ch4",-0.85219306,"WS004"
"WS004","high_trial_1",-0.78533655,1.2974788,"50-250ms","ch12",-0.510915,"WS004"
"WS004","high_trial_1",-0.78533655,1.2974788,"50-250ms","ch13",-0.97761804,"WS004"
"WS004","high_trial_1",-0.78533655,1.2974788,"250-400ms","ch3",0.88526624,"WS004"
"WS004","high_trial_1",-0.78533655,1.2974788,"250-400ms","ch4",1.5882277,"WS004"
"WS004","high_trial_1",-0.78533655,1.2974788,"250-400ms","ch12",1.4308208,"WS004"
"WS004","high_trial_1",-0.78533655,1.2974788,"250-400ms","ch13",1.2856001,"WS004"
"WS004","high_trial_2",-1.0724423,0.504264,"50-250ms","ch3",-1.3132135,"WS004"
"WS004","high_trial_2",-1.0724423,0.504264,"50-250ms","ch4",-0.7790062,"WS004"
"WS004","high_trial_2",-1.0724423,0.504264,"50-250ms","ch12",-0.9582201,"WS004"
"WS004","high_trial_2",-1.0724423,0.504264,"50-250ms","ch13",-1.2393293,"WS004"
"WS004","high_trial_2",-1.0724423,0.504264,"250-400ms","ch3",-0.061721947,"WS004"
"WS004","high_trial_2",-1.0724423,0.504264,"250-400ms","ch4",0.82630277,"WS004"
"WS004","high_trial_2",-1.0724423,0.504264,"250-400ms","ch12",0.63872916,"WS004"
"WS004","high_trial_2",-1.0724423,0.504264,"250-400ms","ch13",0.61374605,"WS004"
"WS005","low_trial_1",4.5373235,1.684556,"50-250ms","ch3",5.1714587,"WS005"
"WS005","low_trial_1",4.5373235,1.684556,"50-250ms","ch4",4.1924505,"WS005"
"WS005","low_trial_1",4.5373235,1.684556,"50-250ms","ch12",4.6914754,"WS005"
"WS005","low_trial_1",4.5373235,1.684556,"50-250ms","ch13",4.09391,"WS005"
"WS005","low_trial_1",4.5373235,1.684556,"250-400ms","ch3",1.215171,"WS005"
"WS005","low_trial_1",4.5373235,1.684556,"250-400ms","ch4",1.9664806,"WS005"
"WS005","low_trial_1",4.5373235,1.684556,"250-400ms","ch12",1.4291044,"WS005"
"WS005","low_trial_1",4.5373235,1.684556,"250-400ms","ch13",2.1274679,"WS005"
"WS005","low_trial_2",-0.7054516,-0.694493,"50-250ms","ch3",-1.0139003,"WS005"
"WS005","low_trial_2",-0.7054516,-0.694493,"50-250ms","ch4",-0.44074476,"WS005"
"WS005","low_trial_2",-0.7054516,-0.694493,"50-250ms","ch12",-1.0633795,"WS005"
"WS005","low_trial_2",-0.7054516,-0.694493,"50-250ms","ch13",-0.30378208,"WS005"
"WS005","low_trial_2",-0.7054516,-0.694493,"250-400ms","ch3",-0.37865508,"WS005"
"WS005","low_trial_2",-0.7054516,-0.694493,"250-400ms","ch4",-1.1385906,"WS005"
"WS005","low_trial_2",-0.7054516,-0.694493,"250-400ms","ch12",-0.6841072,"WS005"
"WS005","low_trial_2",-0.7054516,-0.694493,"250-400ms","ch13",-0.57661915,"WS005"
"WS005","med_trial_1",-0.13857695,-2.427214,"50-250ms","ch3",-1.2740752,"WS005"
"WS005","med_trial_1",-0.13857695,-2.427214,"50-250ms","ch4",0.9107759,"WS005"
"WS005","med_trial_1",-0.13857695,-2.427214,"50-250ms","ch12",-0.57814384,"WS005"
"WS005","med_trial_1",-0.13857695,-2.427214,"50-250ms","ch13",0.38713524,"WS005"
"WS005","med_trial_1",-0.13857695,-2.427214,"250-400ms","ch3",-1.2502813,"WS005"
"WS005","med_trial_1",-0.13857695,-2.427214,"250-400ms","ch4",-3.862409,"WS005"
"WS005","med_trial_1",-0.13857695,-2.427214,"250-400ms","ch12",-3.9473362,"WS005"
"WS005","med_trial_1",-0.13857695,-2.427214,"250-400ms","ch13",-0.6488295,"WS005"
"WS005","med_trial_2",0.12692162,-2.3165522,"50-250ms","ch3",-0.13198894,"WS005"
"WS005","med_trial_2",0.12692162,-2.3165522,"50-250ms","ch4",0.28539076,"WS005"
"WS005","med_trial_2",0.12692162,-2.3165522,"50-250ms","ch12",0.6807798,"WS005"
"WS005","med_trial_2",0.12692162,-2.3165522,"50-250ms","ch13",-0.32649514,"WS005"
"WS005","med_trial_2",0.12692162,-2.3165522,"250-400ms","ch3",-1.7793385,"WS005"
"WS005","med_trial_2",0.12692162,-2.3165522,"250-400ms","ch4",-2.9164498,"WS005"
"WS005","med_trial_2",0.12692162,-2.3165522,"250-400ms","ch12",-2.9717205,"WS005"
"WS005","med_trial_2",0.12692162,-2.3165522,"250-400ms","ch13",-1.5986999,"WS005"
"WS005","high_trial_1",0.21448123,-3.5583537,"50-250ms","ch3",0.7292802,"WS005"
"WS005","high_trial_1",0.21448123,-3.5583537,"50-250ms","ch4",-0.21296662,"WS005"
"WS005","high_trial_1",0.21448123,-3.5583537,"50-250ms","ch12",-0.28845817,"WS005"
"WS005","high_trial_1",0.21448123,-3.5583537,"50-250ms","ch13",0.63006955,"WS005"
"WS005","high_trial_1",0.21448123,-3.5583537,"250-400ms","ch3",-2.407007,"WS005"
"WS005","high_trial_1",0.21448123,-3.5583537,"250-400ms","ch4",-5.6531963,"WS005"
"WS005","high_trial_1",0.21448123,-3.5583537,"250-400ms","ch12",-3.5776284,"WS005"
"WS005","high_trial_1",0.21448123,-3.5583537,"250-400ms","ch13",-2.5955827,"WS005"
"WS005","high_trial_2",-1.0366883,-4.264389,"50-250ms","ch3",-0.1431095,"WS005"
"WS005","high_trial_2",-1.0366883,-4.264389,"50-250ms","ch4",-1.9873209,"WS005"
"WS005","high_trial_2",-1.0366883,-4.264389,"50-250ms","ch12",-1.9828367,"WS005"
"WS005","high_trial_2",-1.0366883,-4.264389,"50-250ms","ch13",-0.033486202,"WS005"
"WS005","high_trial_2",-1.0366883,-4.264389,"250-400ms","ch3",-2.6358194,"WS005"
"WS005","high_trial_2",-1.0366883,-4.264389,"250-400ms","ch4",-5.616301,"WS005"
"WS005","high_trial_2",-1.0366883,-4.264389,"250-400ms","ch12",-3.4704425,"WS005"
"WS005","high_trial_2",-1.0366883,-4.264389,"250-400ms","ch13",-5.334993,"WS005"
"WS006","low_trial_1",0.32540852,3.5575588,"50-250ms","ch3",0.25637662,"WS006"
"WS006","low_trial_1",0.32540852,3.5575588,"50-250ms","ch4",0.37399438,"WS006"
"WS006","low_trial_1",0.32540852,3.5575588,"50-250ms","ch12",0.56846964,"WS006"
"WS006","low_trial_1",0.32540852,3.5575588,"50-250ms","ch13",0.10279345,"WS006"
"WS006","low_trial_1",0.32540852,3.5575588,"250-400ms","ch3",3.135076,"WS006"
"WS006","low_trial_1",0.32540852,3.5575588,"250-400ms","ch4",4.6419864,"WS006"
"WS006","low_trial_1",0.32540852,3.5575588,"250-400ms","ch12",3.5162654,"WS006"
"WS006","low_trial_1",0.32540852,3.5575588,"250-400ms","ch13",2.936908,"WS006"
"WS006","low_trial_2",-0.92714083,0.307307,"50-250ms","ch3",-1.4836934,"WS006"
"WS006","low_trial_2",-0.92714083,0.307307,"50-250ms","ch4",-0.07182156,"WS006"
"WS006","low_trial_2",-0.92714083,0.307307,"50-250ms","ch12",-1.694857,"WS006"
"WS006","low_trial_2",-0.92714083,0.307307,"50-250ms","ch13",-0.4581915,"WS006"
"WS006","low_trial_2",-0.92714083,0.307307,"250-400ms","ch3",0.17531118,"WS006"
"WS006","low_trial_2",-0.92714083,0.307307,"250-400ms","ch4",0.59040195,"WS006"
"WS006","low_trial_2",-0.92714083,0.307307,"250-400ms","ch12",1.8998181,"WS006"
"WS006","low_trial_2",-0.92714083,0.307307,"250-400ms","ch13",-1.4363031,"WS006"
"WS006","med_trial_1",0.42630404,-0.73778635,"50-250ms","ch3",1.0687518,"WS006"
"WS006","med_trial_1",0.42630404,-0.73778635,"50-250ms","ch4",-0.4383744,"WS006"
"WS006","med_trial_1",0.42630404,-0.73778635,"50-250ms","ch12",1.700003,"WS006"
"WS006","med_trial_1",0.42630404,-0.73778635,"50-250ms","ch13",-0.62516433,"WS006"
"WS006","med_trial_1",0.42630404,-0.73778635,"250-400ms","ch3",0.043236643,"WS006"
"WS006","med_trial_1",0.42630404,-0.73778635,"250-400ms","ch4",-1.9212458,"WS006"
"WS006","med_trial_1",0.42630404,-0.73778635,"250-400ms","ch12",1.0074681,"WS006"
"WS006","med_trial_1",0.42630404,-0.73778635,"250-400ms","ch13",-2.0806043,"WS006"
"WS006","med_trial_2",0.52334017,-0.873422,"50-250ms","ch3",0.70291567,"WS006"
"WS006","med_trial_2",0.52334017,-0.873422,"50-250ms","ch4",0.26944017,"WS006"
"WS006","med_trial_2",0.52334017,-0.873422,"50-250ms","ch12",1.4670216,"WS006"
"WS006","med_trial_2",0.52334017,-0.873422,"50-250ms","ch13",-0.3460167,"WS006"
"WS006","med_trial_2",0.52334017,-0.873422,"250-400ms","ch3",-0.4355809,"WS006"
"WS006","med_trial_2",0.52334017,-0.873422,"250-400ms","ch4",-1.2793815,"WS006"
"WS006","med_trial_2",0.52334017,-0.873422,"250-400ms","ch12",-0.49648908,"WS006"
"WS006","med_trial_2",0.52334017,-0.873422,"250-400ms","ch13",-1.2822365,"WS006"
"WS006","high_trial_1",-0.1608161,-0.701521,"50-250ms","ch3",-0.09489166,"WS006"
"WS006","high_trial_1",-0.1608161,-0.701521,"50-250ms","ch4",-0.3906915,"WS006"
"WS006","high_trial_1",-0.1608161,-0.701521,"50-250ms","ch12",0.011165795,"WS006"
"WS006","high_trial_1",-0.1608161,-0.701521,"50-250ms","ch13",-0.16884708,"WS006"
"WS006","high_trial_1",-0.1608161,-0.701521,"250-400ms","ch3",-0.68405795,"WS006"
"WS006","high_trial_1",-0.1608161,-0.701521,"250-400ms","ch4",-0.76836836,"WS006"
"WS006","high_trial_1",-0.1608161,-0.701521,"250-400ms","ch12",0.60605246,"WS006"
"WS006","high_trial_1",-0.1608161,-0.701521,"250-400ms","ch13",-1.95971,"WS006"
"WS006","high_trial_2",0.7852441,-1.6763768,"50-250ms","ch3",0.8943166,"WS006"
"WS006","high_trial_2",0.7852441,-1.6763768,"50-250ms","ch4",0.6700036,"WS006"
"WS006","high_trial_2",0.7852441,-1.6763768,"50-250ms","ch12",0.7705504,"WS006"
"WS006","high_trial_2",0.7852441,-1.6763768,"50-250ms","ch13",0.8061058,"WS006"
"WS006","high_trial_2",0.7852441,-1.6763768,"250-400ms","ch3",-1.6783932,"WS006"
"WS006","high_trial_2",0.7852441,-1.6763768,"250-400ms","ch4",-1.7227595,"WS006"
"WS006","high_trial_2",0.7852441,-1.6763768,"250-400ms","ch12",-1.9718126,"WS006"
"WS006","high_trial_2",0.7852441,-1.6763768,"250-400ms","ch13",-1.3325417,"WS006"
"WS007","low_trial_1",3.6595812,-1.7822368,"50-250ms","ch3",3.3433936,"WS007"
"WS007","low_trial_1",3.6595812,-1.7822368,"50-250ms","ch4",3.7758517,"WS007"
"WS007","low_trial_1",3.6595812,-1.7822368,"50-250ms","ch12",4.3191423,"WS007"
"WS007","low_trial_1",3.6595812,-1.7822368,"50-250ms","ch13",3.1999373,"WS007"
"WS007","low_trial_1",3.6595812,-1.7822368,"250-400ms","ch3",-1.0297701,"WS007"
"WS007","low_trial_1",3.6595812,-1.7822368,"250-400ms","ch4",-2.3989787,"WS007"
"WS007","low_trial_1",3.6595812,-1.7822368,"250-400ms","ch12",-2.9378064,"WS007"
"WS007","low_trial_1",3.6595812,-1.7822368,"250-400ms","ch13",-0.76239187,"WS007"
"WS007","low_trial_2",0.150995,0.8463415,"50-250ms","ch3",0.14851712,"WS007"
"WS007","low_trial_2",0.150995,0.8463415,"50-250ms","ch4",0.7110219,"WS007"
"WS007","low_trial_2",0.150995,0.8463415,"50-250ms","ch12",0.031451453,"WS007"
"WS007","low_trial_2",0.150995,0.8463415,"50-250ms","ch13",-0.2870105,"WS007"
"WS007","low_trial_2",0.150995,0.8463415,"250-400ms","ch3",0.8344652,"WS007"
"WS007","low_trial_2",0.150995,0.8463415,"250-400ms","ch4",0.31447434,"WS007"
"WS007","low_trial_2",0.150995,0.8463415,"250-400ms","ch12",1.5445412,"WS007"
"WS007","low_trial_2",0.150995,0.8463415,"250-400ms","ch13",0.6918851,"WS007"
"WS007","med_trial_1",3.6848602,-2.4303257,"50-250ms","ch3",3.3050756,"WS007"
"WS007","med_trial_1",3.6848602,-2.4303257,"50-250ms","ch4",4.5018253,"WS007"
"WS007","med_trial_1",3.6848602,-2.4303257,"50-250ms","ch12",4.0177307,"WS007"
"WS007","med_trial_1",3.6848602,-2.4303257,"50-250ms","ch13",2.9148088,"WS007"
"WS007","med_trial_1",3.6848602,-2.4303257,"250-400ms","ch3",-1.9898461,"WS007"
"WS007","med_trial_1",3.6848602,-2.4303257,"250-400ms","ch4",-3.041347,"WS007"
"WS007","med_trial_1",3.6848602,-2.4303257,"250-400ms","ch12",-2.5338337,"WS007"
"WS007","med_trial_1",3.6848602,-2.4303257,"250-400ms","ch13",-2.1562757,"WS007"
"WS007","med_trial_2",-0.15334757,-1.6744539,"50-250ms","ch3",-0.15658064,"WS007"
"WS007","med_trial_2",-0.15334757,-1.6744539,"50-250ms","ch4",-0.11701105,"WS007"
"WS007","med_trial_2",-0.15334757,-1.6744539,"50-250ms","ch12",0.31271052,"WS007"
"WS007","med_trial_2",-0.15334757,-1.6744539,"50-250ms","ch13",-0.6525091,"WS007"
"WS007","med_trial_2",-0.15334757,-1.6744539,"250-400ms","ch3",-1.6900964,"WS007"
"WS007","med_trial_2",-0.15334757,-1.6744539,"250-400ms","ch4",-1.2418517,"WS007"
"WS007","med_trial_2",-0.15334757,-1.6744539,"250-400ms","ch12",-1.4611278,"WS007"
"WS007","med_trial_2",-0.15334757,-1.6744539,"250-400ms","ch13",-2.3047395,"WS007"
"WS007","high_trial_1",1.3552269,1.8556116,"50-250ms","ch3",1.4853501,"WS007"
"WS007","high_trial_1",1.3552269,1.8556116,"50-250ms","ch4",1.570592,"WS007"
"WS007","high_trial_1",1.3552269,1.8556116,"50-250ms","ch12",0.8733557,"WS007"
"WS007","high_trial_1",1.3552269,1.8556116,"50-250ms","ch13",1.4916097,"WS007"
"WS007","high_trial_1",1.3552269,1.8556116,"250-400ms","ch3",1.699453,"WS007"
"WS007","high_trial_1",1.3552269,1.8556116,"250-400ms","ch4",2.3055084,"WS007"
"WS007","high_trial_1",1.3552269,1.8556116,"250-400ms","ch12",1.3431541,"WS007"
"WS007","high_trial_1",1.3552269,1.8556116,"250-400ms","ch13",2.0743308,"WS007"
"WS007","high_trial_2",1.2102643,2.0784097,"50-250ms","ch3",1.2794869,"WS007"
"WS007","high_trial_2",1.2102643,2.0784097,"50-250ms","ch4",0.7406223,"WS007"
"WS007","high_trial_2",1.2102643,2.0784097,"50-250ms","ch12",1.7303714,"WS007"
"WS007","high_trial_2",1.2102643,2.0784097,"50-250ms","ch13",1.0905765,"WS007"
"WS007","high_trial_2",1.2102643,2.0784097,"250-400ms","ch3",1.4930972,"WS007"
"WS007","high_trial_2",1.2102643,2.0784097,"250-400ms","ch4",2.9652164,"WS007"
"WS007","high_trial_2",1.2102643,2.0784097,"250-400ms","ch12",2.6472855,"WS007"
"WS007","high_trial_2",1.2102643,2.0784097,"250-400ms","ch13",1.2080393,"WS007"
"WS008","low_trial_1",3.2821302,0.112147145,"50-250ms","ch3",3.0705519,"WS008"
"WS008","low_trial_1",3.2821302,0.112147145,"50-250ms","ch4",5.6040406,"WS008"
"WS008","low_trial_1",3.2821302,0.112147145,"50-250ms","ch12",1.3984965,"WS008"
"WS008","low_trial_1",3.2821302,0.112147145,"50-250ms","ch13",3.0554311,"WS008"
"WS008","low_trial_1",3.2821302,0.112147145,"250-400ms","ch3",0.045439996,"WS008"
"WS008","low_trial_1",3.2821302,0.112147145,"250-400ms","ch4",0.30201575,"WS008"
"WS008","low_trial_1",3.2821302,0.112147145,"250-400ms","ch12",-0.23039925,"WS008"
"WS008","low_trial_1",3.2821302,0.112147145,"250-400ms","ch13",0.3315321,"WS008"
"WS008","low_trial_2",2.2849903,-4.220033,"50-250ms","ch3",2.4869912,"WS008"
"WS008","low_trial_2",2.2849903,-4.220033,"50-250ms","ch4",1.981222,"WS008"
"WS008","low_trial_2",2.2849903,-4.220033,"50-250ms","ch12",1.5318614,"WS008"
"WS008","low_trial_2",2.2849903,-4.220033,"50-250ms","ch13",3.1398873,"WS008"
"WS008","low_trial_2",2.2849903,-4.220033,"250-400ms","ch3",-3.414615,"WS008"
"WS008","low_trial_2",2.2849903,-4.220033,"250-400ms","ch4",-4.827681,"WS008"
"WS008","low_trial_2",2.2849903,-4.220033,"250-400ms","ch12",-5.275752,"WS008"
"WS008","low_trial_2",2.2849903,-4.220033,"250-400ms","ch13",-3.362085,"WS008"
"WS008","med_trial_1",-2.8333578,-1.0129372,"50-250ms","ch3",-3.2065916,"WS008"
"WS008","med_trial_1",-2.8333578,-1.0129372,"50-250ms","ch4",-2.9129422,"WS008"
"WS008","med_trial_1",-2.8333578,-1.0129372,"50-250ms","ch12",-1.491235,"WS008"
"WS008","med_trial_1",-2.8333578,-1.0129372,"50-250ms","ch13",-3.7226624,"WS008"
"WS008","med_trial_1",-2.8333578,-1.0129372,"250-400ms","ch3",-1.8529834,"WS008"
"WS008","med_trial_1",-2.8333578,-1.0129372,"250-400ms","ch4",0.083182395,"WS008"
"WS008","med_trial_1",-2.8333578,-1.0129372,"250-400ms","ch12",-0.26817146,"WS008"
"WS008","med_trial_1",-2.8333578,-1.0129372,"250-400ms","ch13",-2.0137763,"WS008"
"WS008","med_trial_2",-2.059915,-2.8295038,"50-250ms","ch3",-2.431916,"WS008"
"WS008","med_trial_2",-2.059915,-2.8295038,"50-250ms","ch4",-1.4751979,"WS008"
"WS008","med_trial_2",-2.059915,-2.8295038,"50-250ms","ch12",-2.0637686,"WS008"
"WS008","med_trial_2",-2.059915,-2.8295038,"50-250ms","ch13",-2.2687774,"WS008"
"WS008","med_trial_2",-2.059915,-2.8295038,"250-400ms","ch3",-3.6143758,"WS008"
"WS008","med_trial_2",-2.059915,-2.8295038,"250-400ms","ch4",-2.1453378,"WS008"
"WS008","med_trial_2",-2.059915,-2.8295038,"250-400ms","ch12",-2.0257075,"WS008"
"WS008","med_trial_2",-2.059915,-2.8295038,"250-400ms","ch13",-3.532594,"WS008"
"WS008","high_trial_1",1.1623212,-1.2943447,"50-250ms","ch3",1.6299598,"WS008"
"WS008","high_trial_1",1.1623212,-1.2943447,"50-250ms","ch4",1.2901376,"WS008"
"WS008","high_trial_1",1.1623212,-1.2943447,"50-250ms","ch12",0.7618738,"WS008"
"WS008","high_trial_1",1.1623212,-1.2943447,"50-250ms","ch13",0.9673137,"WS008"
"WS008","high_trial_1",1.1623212,-1.2943447,"250-400ms","ch3",-2.2322733,"WS008"
"WS008","high_trial_1",1.1623212,-1.2943447,"250-400ms","ch4",-0.06657824,"WS008"
"WS008","high_trial_1",1.1623212,-1.2943447,"250-400ms","ch12",-1.4365683,"WS008"
"WS008","high_trial_1",1.1623212,-1.2943447,"250-400ms","ch13",-1.4419589,"WS008"
"WS008","high_trial_2",2.192409,0.32643592,"50-250ms","ch3",2.3033826,"WS008"
"WS008","high_trial_2",2.192409,0.32643592,"50-250ms","ch4",3.2062554,"WS008"
"WS008","high_trial_2",2.192409,0.32643592,"50-250ms","ch12",0.2875915,"WS008"
"WS008","high_trial_2",2.192409,0.32643592,"50-250ms","ch13",2.9724073,"WS008"
"WS008","high_trial_2",2.192409,0.32643592,"250-400ms","ch3",-0.38297287,"WS008"
"WS008","high_trial_2",2.192409,0.32643592,"250-400ms","ch4",0.69734204,"WS008"
"WS008","high_trial_2",2.192409,0.32643592,"250-400ms","ch12",0.5195258,"WS008"
"WS008","high_trial_2",2.192409,0.32643592,"250-400ms","ch13",0.4718487,"WS008"
"WS009","low_trial_1",0.30259338,0.15518573,"50-250ms","ch3",-0.028210206,"WS009"
"WS009","low_trial_1",0.30259338,0.15518573,"50-250ms","ch4",0.6831073,"WS009"
"WS009","low_trial_1",0.30259338,0.15518573,"50-250ms","ch12",-0.35019127,"WS009"
"WS009","low_trial_1",0.30259338,0.15518573,"50-250ms","ch13",0.9056677,"WS009"
"WS009","low_trial_1",0.30259338,0.15518573,"250-400ms","ch3",0.51884353,"WS009"
"WS009","low_trial_1",0.30259338,0.15518573,"250-400ms","ch4",-0.086465046,"WS009"
"WS009","low_trial_1",0.30259338,0.15518573,"250-400ms","ch12",-0.021113848,"WS009"
"WS009","low_trial_1",0.30259338,0.15518573,"250-400ms","ch13",0.20947826,"WS009"
"WS009","low_trial_2",-2.775677,2.3742106,"50-250ms","ch3",-2.5070302,"WS009"
"WS009","low_trial_2",-2.775677,2.3742106,"50-250ms","ch4",-3.2326596,"WS009"
"WS009","low_trial_2",-2.775677,2.3742106,"50-250ms","ch12",-3.2673078,"WS009"
"WS009","low_trial_2",-2.775677,2.3742106,"50-250ms","ch13",-2.0957098,"WS009"
"WS009","low_trial_2",-2.775677,2.3742106,"250-400ms","ch3",2.2805755,"WS009"
"WS009","low_trial_2",-2.775677,2.3742106,"250-400ms","ch4",2.8910553,"WS009"
"WS009","low_trial_2",-2.775677,2.3742106,"250-400ms","ch12",2.1540544,"WS009"
"WS009","low_trial_2",-2.775677,2.3742106,"250-400ms","ch13",2.1711571,"WS009"
"WS009","med_trial_1",0.13529423,3.1247787,"50-250ms","ch3",0.10372745,"WS009"
"WS009","med_trial_1",0.13529423,3.1247787,"50-250ms","ch4",0.23567757,"WS009"
"WS009","med_trial_1",0.13529423,3.1247787,"50-250ms","ch12",-0.03221527,"WS009"
"WS009","med_trial_1",0.13529423,3.1247787,"50-250ms","ch13",0.23398718,"WS009"
"WS009","med_trial_1",0.13529423,3.1247787,"250-400ms","ch3",2.4203038,"WS009"
"WS009","med_trial_1",0.13529423,3.1247787,"250-400ms","ch4",4.1177955,"WS009"
"WS009","med_trial_1",0.13529423,3.1247787,"250-400ms","ch12",3.232031,"WS009"
"WS009","med_trial_1",0.13529423,3.1247787,"250-400ms","ch13",2.7289846,"WS009"
"WS009","med_trial_2",-1.8009522,0.44851848,"50-250ms","ch3",-1.9780922,"WS009"
"WS009","med_trial_2",-1.8009522,0.44851848,"50-250ms","ch4",-1.9038776,"WS009"
"WS009","med_trial_2",-1.8009522,0.44851848,"50-250ms","ch12",-2.6448646,"WS009"
"WS009","med_trial_2",-1.8009522,0.44851848,"50-250ms","ch13",-0.67697406,"WS009"
"WS009","med_trial_2",-1.8009522,0.44851848,"250-400ms","ch3",0.43427444,"WS009"
"WS009","med_trial_2",-1.8009522,0.44851848,"250-400ms","ch4",0.49434432,"WS009"
"WS009","med_trial_2",-1.8009522,0.44851848,"250-400ms","ch12",0.6653566,"WS009"
"WS009","med_trial_2",-1.8009522,0.44851848,"250-400ms","ch13",0.20009868,"WS009"
"WS009","high_trial_1",-2.8580515,4.004505,"50-250ms","ch3",-3.2637165,"WS009"
"WS009","high_trial_1",-2.8580515,4.004505,"50-250ms","ch4",-2.9282694,"WS009"
"WS009","high_trial_1",-2.8580515,4.004505,"50-250ms","ch12",-2.9931433,"WS009"
"WS009","high_trial_1",-2.8580515,4.004505,"50-250ms","ch13",-2.2470772,"WS009"
"WS009","high_trial_1",-2.8580515,4.004505,"250-400ms","ch3",3.8428557,"WS009"
"WS009","high_trial_1",-2.8580515,4.004505,"250-400ms","ch4",4.730663,"WS009"
"WS009","high_trial_1",-2.8580515,4.004505,"250-400ms","ch12",3.1977088,"WS009"
"WS009","high_trial_1",-2.8580515,4.004505,"250-400ms","ch13",4.2467923,"WS009"
"WS009","high_trial_2",-0.20915484,0.30646026,"50-250ms","ch3",-0.75436854,"WS009"
"WS009","high_trial_2",-0.20915484,0.30646026,"50-250ms","ch4",0.12658451,"WS009"
"WS009","high_trial_2",-0.20915484,0.30646026,"50-250ms","ch12",0.47542176,"WS009"
"WS009","high_trial_2",-0.20915484,0.30646026,"50-250ms","ch13",-0.68425715,"WS009"
"WS009","high_trial_2",-0.20915484,0.30646026,"250-400ms","ch3",0.48979273,"WS009"
"WS009","high_trial_2",-0.20915484,0.30646026,"250-400ms","ch4",-0.10979793,"WS009"
"WS009","high_trial_2",-0.20915484,0.30646026,"250-400ms","ch12",1.1085262,"WS009"
"WS009","high_trial_2",-0.20915484,0.30646026,"250-400ms","ch13",-0.2626801,"WS009"
"WS010","low_trial_1",-0.6942173,2.1817253,"50-250ms","ch3",-0.7016958,"WS010"
"WS010","low_trial_1",-0.6942173,2.1817253,"50-250ms","ch4",-0.76587313,"WS010"
"WS010","low_trial_1",-0.6942173,2.1817253,"50-250ms","ch12",-0.5682891,"WS010"
"WS010","low_trial_1",-0.6942173,2.1817253,"50-250ms","ch13",-0.7410115,"WS010"
"WS010","low_trial_1",-0.6942173,2.1817253,"250-400ms","ch3",2.071585,"WS010"
"WS010","low_trial_1",-0.6942173,2.1817253,"250-400ms","ch4",2.4059505,"WS010"
"WS010","low_trial_1",-0.6942173,2.1817253,"250-400ms","ch12",2.0495217,"WS010"
"WS010","low_trial_1",-0.6942173,2.1817253,"250-400ms","ch13",2.1998441,"WS010"
"WS010","low_trial_2",0.6252723,-1.0572817,"50-250ms","ch3",0.7192434,"WS010"
"WS010","low_trial_2",0.6252723,-1.0572817,"50-250ms","ch4",0.64811623,"WS010"
"WS010","low_trial_2",0.6252723,-1.0572817,"50-250ms","ch12",0.2980023,"WS010"
"WS010","low_trial_2",0.6252723,-1.0572817,"50-250ms","ch13",0.8357272,"WS010"
"WS010","low_trial_2",0.6252723,-1.0572817,"250-400ms","ch3",-0.97047186,"WS010"
"WS010","low_trial_2",0.6252723,-1.0572817,"250-400ms","ch4",-1.1740147,"WS010"
"WS010","low_trial_2",0.6252723,-1.0572817,"250-400ms","ch12",-0.94700724,"WS010"
"WS010","low_trial_2",0.6252723,-1.0572817,"250-400ms","ch13",-1.1376333,"WS010"
"WS010","med_trial_1",0.21849202,-0.48472303,"50-250ms","ch3",0.34948733,"WS010"
"WS010","med_trial_1",0.21849202,-0.48472303,"50-250ms","ch4",0.13680495,"WS010"
"WS010","med_trial_1",0.21849202,-0.48472303,"50-250ms","ch12",0.16196625,"WS010"
"WS010","med_trial_1",0.21849202,-0.48472303,"50-250ms","ch13",0.2257095,"WS010"
"WS010","med_trial_1",0.21849202,-0.48472303,"250-400ms","ch3",-0.79215354,"WS010"
"WS010","med_trial_1",0.21849202,-0.48472303,"250-400ms","ch4",-0.28217697,"WS010"
"WS010","med_trial_1",0.21849202,-0.48472303,"250-400ms","ch12",-0.41740683,"WS010"
"WS010","med_trial_1",0.21849202,-0.48472303,"250-400ms","ch13",-0.44715476,"WS010"
"WS010","med_trial_2",0.41251493,-0.4251368,"50-250ms","ch3",0.45458612,"WS010"
"WS010","med_trial_2",0.41251493,-0.4251368,"50-250ms","ch4",0.36548865,"WS010"
"WS010","med_trial_2",0.41251493,-0.4251368,"50-250ms","ch12",0.26111114,"WS010"
"WS010","med_trial_2",0.41251493,-0.4251368,"50-250ms","ch13",0.56887376,"WS010"
"WS010","med_trial_2",0.41251493,-0.4251368,"250-400ms","ch3",-0.4243916,"WS010"
"WS010","med_trial_2",0.41251493,-0.4251368,"250-400ms","ch4",-0.40998775,"WS010"
"WS010","med_trial_2",0.41251493,-0.4251368,"250-400ms","ch12",-0.001253203,"WS010"
"WS010","med_trial_2",0.41251493,-0.4251368,"250-400ms","ch13",-0.86491466,"WS010"
"WS010","high_trial_1",-0.49461496,1.0358977,"50-250ms","ch3",-0.27832907,"WS010"
"WS010","high_trial_1",-0.49461496,1.0358977,"50-250ms","ch4",-0.599933,"WS010"
"WS010","high_trial_1",-0.49461496,1.0358977,"50-250ms","ch12",-1.0447944,"WS010"
"WS010","high_trial_1",-0.49461496,1.0358977,"50-250ms","ch13",-0.055403214,"WS010"
"WS010","high_trial_1",-0.49461496,1.0358977,"250-400ms","ch3",1.0292763,"WS010"
"WS010","high_trial_1",-0.49461496,1.0358977,"250-400ms","ch4",1.1468335,"WS010"
"WS010","high_trial_1",-0.49461496,1.0358977,"250-400ms","ch12",1.3948718,"WS010"
"WS010","high_trial_1",-0.49461496,1.0358977,"250-400ms","ch13",0.57260966,"WS010"
"WS010","high_trial_2",0.29946518,-0.40889928,"50-250ms","ch3",0.048769053,"WS010"
"WS010","high_trial_2",0.29946518,-0.40889928,"50-250ms","ch4",0.5108715,"WS010"
"WS010","high_trial_2",0.29946518,-0.40889928,"50-250ms","ch12",0.20020184,"WS010"
"WS010","high_trial_2",0.29946518,-0.40889928,"50-250ms","ch13",0.43801835,"WS010"
"WS010","high_trial_2",0.29946518,-0.40889928,"250-400ms","ch3",0.031532828,"WS010"
"WS010","high_trial_2",0.29946518,-0.40889928,"250-400ms","ch4",-0.67960644,"WS010"
"WS010","high_trial_2",0.29946518,-0.40889928,"250-400ms","ch12",-0.84013283,"WS010"
"WS010","high_trial_2",0.29946518,-0.40889928,"250-400ms","ch13",-0.14739075,"WS010"
"WS011","low_trial_1",0.32969183,-0.107775584,"50-250ms","ch3",0.36420646,"WS011"
"WS011","low_trial_1",0.32969183,-0.107775584,"50-250ms","ch4",0.3442932,"WS011"
"WS011","low_trial_1",0.32969183,-0.107775584,"50-250ms","ch12",0.43867424,"WS011"
"WS011","low_trial_1",0.32969183,-0.107775584,"50-250ms","ch13",0.17159344,"WS011"
"WS011","low_trial_1",0.32969183,-0.107775584,"250-400ms","ch3",-0.26015562,"WS011"
"WS011","low_trial_1",0.32969183,-0.107775584,"250-400ms","ch4",-0.055579193,"WS011"
"WS011","low_trial_1",0.32969183,-0.107775584,"250-400ms","ch12",0.21048862,"WS011"
"WS011","low_trial_1",0.32969183,-0.107775584,"250-400ms","ch13",-0.32585615,"WS011"
"WS011","low_trial_2",4.686166,1.2552657,"50-250ms","ch3",5.30168,"WS011"
"WS011","low_trial_2",4.686166,1.2552657,"50-250ms","ch4",4.454899,"WS011"
"WS011","low_trial_2",4.686166,1.2552657,"50-250ms","ch12",5.1266265,"WS011"
"WS011","low_trial_2",4.686166,1.2552657,"50-250ms","ch13",3.861458,"WS011"
"WS011","low_trial_2",4.686166,1.2552657,"250-400ms","ch3",2.253047,"WS011"
"WS011","low_trial_2",4.686166,1.2552657,"250-400ms","ch4",0.86907095,"WS011"
"WS011","low_trial_2",4.686166,1.2552657,"250-400ms","ch12",0.47073042,"WS011"
"WS011","low_trial_2",4.686166,1.2552657,"250-400ms","ch13",1.4282147,"WS011"
"WS011","med_trial_1",0.523238,-0.04221066,"50-250ms","ch3",0.75660163,"WS011"
"WS011","med_trial_1",0.523238,-0.04221066,"50-250ms","ch4",0.5314325,"WS011"
"WS011","med_trial_1",0.523238,-0.04221066,"50-250ms","ch12",0.5839541,"WS011"
"WS011","med_trial_1",0.523238,-0.04221066,"50-250ms","ch13",0.2209637,"WS011"
"WS011","med_trial_1",0.523238,-0.04221066,"250-400ms","ch3",-0.054605722,"WS011"
"WS011","med_trial_1",0.523238,-0.04221066,"250-400ms","ch4",-0.19477598,"WS011"
"WS011","med_trial_1",0.523238,-0.04221066,"250-400ms","ch12",0.010929741,"WS011"
"WS011","med_trial_1",0.523238,-0.04221066,"250-400ms","ch13",0.069609314,"WS011"
"WS011","med_trial_2",0.094213404,0.96532667,"50-250ms","ch3",-0.12639144,"WS011"
"WS011","med_trial_2",0.094213404,0.96532667,"50-250ms","ch4",0.43570235,"WS011"
"WS011","med_trial_2",0.094213404,0.96532667,"50-250ms","ch12",-0.14498588,"WS011"
"WS011","med_trial_2",0.094213404,0.96532667,"50-250ms","ch13",0.21252859,"WS011"
"WS011","med_trial_2",0.094213404,0.96532667,"250-400ms","ch3",0.88414454,"WS011"
"WS011","med_trial_2",0.094213404,0.96532667,"250-400ms","ch4",1.1362455,"WS011"
"WS011","med_trial_2",0.094213404,0.96532667,"250-400ms","ch12",1.5983444,"WS011"
"WS011","med_trial_2",0.094213404,0.96532667,"250-400ms","ch13",0.24257223,"WS011"
"WS011","high_trial_1",-1.1149337,0.461444,"50-250ms","ch3",-1.3885384,"WS011"
"WS011","high_trial_1",-1.1149337,0.461444,"50-250ms","ch4",-0.89880717,"WS011"
"WS011","high_trial_1",-1.1149337,0.461444,"50-250ms","ch12",-1.0882573,"WS011"
"WS011","high_trial_1",-1.1149337,0.461444,"50-250ms","ch13",-1.0841322,"WS011"
"WS011","high_trial_1",-1.1149337,0.461444,"250-400ms","ch3",0.3912844,"WS011"
"WS011","high_trial_1",-1.1149337,0.461444,"250-400ms","ch4",0.51422125,"WS011"
"WS011","high_trial_1",-1.1149337,0.461444,"250-400ms","ch12",-0.098715544,"WS011"
"WS011","high_trial_1",-1.1149337,0.461444,"250-400ms","ch13",1.0389858,"WS011"
"WS011","high_trial_2",-0.8892989,0.124534145,"50-250ms","ch3",-1.2123572,"WS011"
"WS011","high_trial_2",-0.8892989,0.124534145,"50-250ms","ch4",-0.76678747,"WS011"
"WS011","high_trial_2",-0.8892989,0.124534145,"50-250ms","ch12",-0.5129193,"WS011"
"WS011","high_trial_2",-0.8892989,0.124534145,"50-250ms","ch13",-1.0651318,"WS011"
"WS011","high_trial_2",-0.8892989,0.124534145,"250-400ms","ch3",0.476627,"WS011"
"WS011","high_trial_2",-0.8892989,0.124534145,"250-400ms","ch4",-0.033602796,"WS011"
"WS011","high_trial_2",-0.8892989,0.124534145,"250-400ms","ch12",-0.18401484,"WS011"
"WS011","high_trial_2",-0.8892989,0.124534145,"250-400ms","ch13",0.2391272,"WS011"
"WS012","low_trial_1",2.28152,0.10380995,"50-250ms","ch3",1.8777809,"WS012"
"WS012","low_trial_1",2.28152,0.10380995,"50-250ms","ch4",2.7476015,"WS012"
"WS012","low_trial_1",2.28152,0.10380995,"50-250ms","ch12",2.024731,"WS012"
"WS012","low_trial_1",2.28152,0.10380995,"50-250ms","ch13",2.475967,"WS012"
"WS012","low_trial_1",2.28152,0.10380995,"250-400ms","ch3",-0.2842113,"WS012"
"WS012","low_trial_1",2.28152,0.10380995,"250-400ms","ch4",0.3793075,"WS012"
"WS012","low_trial_1",2.28152,0.10380995,"250-400ms","ch12",0.9452198,"WS012"
"WS012","low_trial_1",2.28152,0.10380995,"250-400ms","ch13",-0.6250762,"WS012"
"WS012","low_trial_2",1.2576149,0.2489756,"50-250ms","ch3",1.3080388,"WS012"
"WS012","low_trial_2",1.2576149,0.2489756,"50-250ms","ch4",1.183863,"WS012"
"WS012","low_trial_2",1.2576149,0.2489756,"50-250ms","ch12",0.6347382,"WS012"
"WS012","low_trial_2",1.2576149,0.2489756,"50-250ms","ch13",1.9038194,"WS012"
"WS012","low_trial_2",1.2576149,0.2489756,"250-400ms","ch3",0.34661555,"WS012"
"WS012","low_trial_2",1.2576149,0.2489756,"250-400ms","ch4",0.18300201,"WS012"
"WS012","low_trial_2",1.2576149,0.2489756,"250-400ms","ch12",0.56108445,"WS012"
"WS012","low_trial_2",1.2576149,0.2489756,"250-400ms","ch13",-0.09479963,"WS012"
"WS012","med_trial_1",0.13989627,0.6586126,"50-250ms","ch3",-0.042368222,"WS012"
"WS012","med_trial_1",0.13989627,0.6586126,"50-250ms","ch4",0.41695306,"WS012"
"WS012","med_trial_1",0.13989627,0.6586126,"50-250ms","ch12",-0.763497,"WS012"
"WS012","med_trial_1",0.13989627,0.6586126,"50-250ms","ch13",0.9484973,"WS012"
"WS012","med_trial_1",0.13989627,0.6586126,"250-400ms","ch3",0.74151844,"WS012"
"WS012","med_trial_1",0.13989627,0.6586126,"250-400ms","ch4",0.50470805,"WS012"
"WS012","med_trial_1",0.13989627,0.6586126,"250-400ms","ch12",1.4868747,"WS012"
"WS012","med_trial_1",0.13989627,0.6586126,"250-400ms","ch13",-0.09865097,"WS012"
"WS012","med_trial_2",-0.097474545,-0.5335919,"50-250ms","ch3",-0.08006856,"WS012"
"WS012","med_trial_2",-0.097474545,-0.5335919,"50-250ms","ch4",-0.25018787,"WS012"
"WS012","med_trial_2",-0.097474545,-0.5335919,"50-250ms","ch12",-0.47725502,"WS012"
"WS012","med_trial_2",-0.097474545,-0.5335919,"50-250ms","ch13",0.41761327,"WS012"
"WS012","med_trial_2",-0.097474545,-0.5335919,"250-400ms","ch3",-0.6448958,"WS012"
"WS012","med_trial_2",-0.097474545,-0.5335919,"250-400ms","ch4",-0.37255287,"WS012"
"WS012","med_trial_2",-0.097474545,-0.5335919,"250-400ms","ch12",-0.51747864,"WS012"
"WS012","med_trial_2",-0.097474545,-0.5335919,"250-400ms","ch13",-0.59944034,"WS012"
"WS012","high_trial_1",-0.38334802,-0.79615605,"50-250ms","ch3",-0.46410203,"WS012"
"WS012","high_trial_1",-0.38334802,-0.79615605,"50-250ms","ch4",-0.355596,"WS012"
"WS012","high_trial_1",-0.38334802,-0.79615605,"50-250ms","ch12",0.45773712,"WS012"
"WS012","high_trial_1",-0.38334802,-0.79615605,"50-250ms","ch13",-1.1714312,"WS012"
"WS012","high_trial_1",-0.38334802,-0.79615605,"250-400ms","ch3",-0.74500597,"WS012"
"WS012","high_trial_1",-0.38334802,-0.79615605,"250-400ms","ch4",-0.8611371,"WS012"
"WS012","high_trial_1",-0.38334802,-0.79615605,"250-400ms","ch12",-0.36485505,"WS012"
"WS012","high_trial_1",-0.38334802,-0.79615605,"250-400ms","ch13",-1.2136261,"WS012"
"WS012","high_trial_2",0.350658,0.0945404,"50-250ms","ch3",0.5555976,"WS012"
"WS012","high_trial_2",0.350658,0.0945404,"50-250ms","ch4",0.35613373,"WS012"
"WS012","high_trial_2",0.350658,0.0945404,"50-250ms","ch12",1.1645973,"WS012"
"WS012","high_trial_2",0.350658,0.0945404,"50-250ms","ch13",-0.6736968,"WS012"
"WS012","high_trial_2",0.350658,0.0945404,"250-400ms","ch3",-0.014459798,"WS012"
"WS012","high_trial_2",0.350658,0.0945404,"250-400ms","ch4",0.06041159,"WS012"
"WS012","high_trial_2",0.350658,0.0945404,"250-400ms","ch12",-0.101159565,"WS012"
"WS012","high_trial_2",0.350658,0.0945404,"250-400ms","ch13",0.4333694,"WS012"
"WS013","low_trial_1",-0.714895,-0.8382196,"50-250ms","ch3",-0.6336593,"WS013"
"WS013","low_trial_1",-0.714895,-0.8382196,"50-250ms","ch4",-0.83044106,"WS013"
"WS013","low_trial_1",-0.714895,-0.8382196,"50-250ms","ch12",-0.29071355,"WS013"
"WS013","low_trial_1",-0.714895,-0.8382196,"50-250ms","ch13",-1.104766,"WS013"
"WS013","low_trial_1",-0.714895,-0.8382196,"250-400ms","ch3",-1.1490438,"WS013"
"WS013","low_trial_1",-0.714895,-0.8382196,"250-400ms","ch4",-0.5692048,"WS013"
"WS013","low_trial_1",-0.714895,-0.8382196,"250-400ms","ch12",-0.97443813,"WS013"
"WS013","low_trial_1",-0.714895,-0.8382196,"250-400ms","ch13",-0.6601915,"WS013"
"WS013","low_trial_2",0.101359576,-2.6038585,"50-250ms","ch3",0.40534127,"WS013"
"WS013","low_trial_2",0.101359576,-2.6038585,"50-250ms","ch4",-0.0340262,"WS013"
"WS013","low_trial_2",0.101359576,-2.6038585,"50-250ms","ch12",-0.50795037,"WS013"
"WS013","low_trial_2",0.101359576,-2.6038585,"50-250ms","ch13",0.5420736,"WS013"
"WS013","low_trial_2",0.101359576,-2.6038585,"250-400ms","ch3",-2.291647,"WS013"
"WS013","low_trial_2",0.101359576,-2.6038585,"250-400ms","ch4",-2.994314,"WS013"
"WS013","low_trial_2",0.101359576,-2.6038585,"250-400ms","ch12",-2.159802,"WS013"
"WS013","low_trial_2",0.101359576,-2.6038585,"250-400ms","ch13",-2.9696705,"WS013"
"WS013","med_trial_1",-0.5016167,-0.22497807,"50-250ms","ch3",-0.4619579,"WS013"
"WS013","med_trial_1",-0.5016167,-0.22497807,"50-250ms","ch4",-0.37220278,"WS013"
"WS013","med_trial_1",-0.5016167,-0.22497807,"50-250ms","ch12",-1.197742,"WS013"
"WS013","med_trial_1",-0.5016167,-0.22497807,"50-250ms","ch13",0.025435898,"WS013"
"WS013","med_trial_1",-0.5016167,-0.22497807,"250-400ms","ch3",-0.6590364,"WS013"
"WS013","med_trial_1",-0.5016167,-0.22497807,"250-400ms","ch4",0.20101564,"WS013"
"WS013","med_trial_1",-0.5016167,-0.22497807,"250-400ms","ch12",-0.5831344,"WS013"
"WS013","med_trial_1",-0.5016167,-0.22497807,"250-400ms","ch13",0.14124279,"WS013"
"WS013","med_trial_2",0.50399894,-1.590252,"50-250ms","ch3",0.595113,"WS013"
"WS013","med_trial_2",0.50399894,-1.590252,"50-250ms","ch4",0.33983958,"WS013"
"WS013","med_trial_2",0.50399894,-1.590252,"50-250ms","ch12",0.8704298,"WS013"
"WS013","med_trial_2",0.50399894,-1.590252,"50-250ms","ch13",0.21061337,"WS013"
"WS013","med_trial_2",0.50399894,-1.590252,"250-400ms","ch3",-1.9606901,"WS013"
"WS013","med_trial_2",0.50399894,-1.590252,"250-400ms","ch4",-1.1173408,"WS013"
"WS013","med_trial_2",0.50399894,-1.590252,"250-400ms","ch12",-2.0194786,"WS013"
"WS013","med_trial_2",0.50399894,-1.590252,"250-400ms","ch13",-1.2634987,"WS013"
"WS013","high_trial_1",2.2221498,0.72228736,"50-250ms","ch3",2.8826232,"WS013"
"WS013","high_trial_1",2.2221498,0.72228736,"50-250ms","ch4",1.6073673,"WS013"
"WS013","high_trial_1",2.2221498,0.72228736,"50-250ms","ch12",2.0507193,"WS013"
"WS013","high_trial_1",2.2221498,0.72228736,"50-250ms","ch13",2.3478897,"WS013"
"WS013","high_trial_1",2.2221498,0.72228736,"250-400ms","ch3",0.94432944,"WS013"
"WS013","high_trial_1",2.2221498,0.72228736,"250-400ms","ch4",0.25553107,"WS013"
"WS013","high_trial_1",2.2221498,0.72228736,"250-400ms","ch12",1.3913906,"WS013"
"WS013","high_trial_1",2.2221498,0.72228736,"250-400ms","ch13",0.2978983,"WS013"
"WS013","high_trial_2",-0.07385433,-0.7079628,"50-250ms","ch3",-0.111945264,"WS013"
"WS013","high_trial_2",-0.07385433,-0.7079628,"50-250ms","ch4",-0.010052242,"WS013"
"WS013","high_trial_2",-0.07385433,-0.7079628,"50-250ms","ch12",-0.2683323,"WS013"
"WS013","high_trial_2",-0.07385433,-0.7079628,"50-250ms","ch13",0.094912484,"WS013"
"WS013","high_trial_2",-0.07385433,-0.7079628,"250-400ms","ch3",-0.30801272,"WS013"
"WS013","high_trial_2",-0.07385433,-0.7079628,"250-400ms","ch4",-1.1262205,"WS013"
"WS013","high_trial_2",-0.07385433,-0.7079628,"250-400ms","ch12",-0.56446856,"WS013"
"WS013","high_trial_2",-0.07385433,-0.7079628,"250-400ms","ch13",-0.8331495,"WS013"
"WS014","low_trial_1",0.70029557,0.65832335,"50-250ms","ch3",0.8511477,"WS014"
"WS014","low_trial_1",0.70029557,0.65832335,"50-250ms","ch4",0.7889176,"WS014"
"WS014","low_trial_1",0.70029557,0.65832335,"50-250ms","ch12",0.49543792,"WS014"
"WS014","low_trial_1",0.70029557,0.65832335,"50-250ms","ch13",0.6656789,"WS014"
"WS014","low_trial_1",0.70029557,0.65832335,"250-400ms","ch3",0.8213859,"WS014"
"WS014","low_trial_1",0.70029557,0.65832335,"250-400ms","ch4",0.6782734,"WS014"
"WS014","low_trial_1",0.70029557,0.65832335,"250-400ms","ch12",0.4781731,"WS014"
"WS014","low_trial_1",0.70029557,0.65832335,"250-400ms","ch13",0.6554609,"WS014"
"WS014","low_trial_2",0.6816034,-0.11454405,"50-250ms","ch3",1.0491192,"WS014"
"WS014","low_trial_2",0.6816034,-0.11454405,"50-250ms","ch4",0.66556007,"WS014"
"WS014","low_trial_2",0.6816034,-0.11454405,"50-250ms","ch12",0.3281473,"WS014"
"WS014","low_trial_2",0.6816034,-0.11454405,"50-250ms","ch13",0.6835869,"WS014"
"WS014","low_trial_2",0.6816034,-0.11454405,"250-400ms","ch3",-0.6187525,"WS014"
"WS014","low_trial_2",0.6816034,-0.11454405,"250-400ms","ch4",-0.16212314,"WS014"
"WS014","low_trial_2",0.6816034,-0.11454405,"250-400ms","ch12",0.70677364,"WS014"
"WS014","low_trial_2",0.6816034,-0.11454405,"250-400ms","ch13",-0.3840742,"WS014"
"WS014","med_trial_1",0.012489989,1.150645,"50-250ms","ch3",0.33797616,"WS014"
"WS014","med_trial_1",0.012489989,1.150645,"50-250ms","ch4",-0.10840847,"WS014"
"WS014","med_trial_1",0.012489989,1.150645,"50-250ms","ch12",-0.065989524,"WS014"
"WS014","med_trial_1",0.012489989,1.150645,"50-250ms","ch13",-0.113618195,"WS014"
"WS014","med_trial_1",0.012489989,1.150645,"250-400ms","ch3",0.9519188,"WS014"
"WS014","med_trial_1",0.012489989,1.150645,"250-400ms","ch4",1.1287746,"WS014"
"WS014","med_trial_1",0.012489989,1.150645,"250-400ms","ch12",1.6716795,"WS014"
"WS014","med_trial_1",0.012489989,1.150645,"250-400ms","ch13",0.850207,"WS014"
"WS014","med_trial_2",-2.0104203,0.050095454,"50-250ms","ch3",-2.878038,"WS014"
"WS014","med_trial_2",-2.0104203,0.050095454,"50-250ms","ch4",-1.9072304,"WS014"
"WS014","med_trial_2",-2.0104203,0.050095454,"50-250ms","ch12",-1.6691736,"WS014"
"WS014","med_trial_2",-2.0104203,0.050095454,"50-250ms","ch13",-1.587239,"WS014"
"WS014","med_trial_2",-2.0104203,0.050095454,"250-400ms","ch3",0.20223139,"WS014"
"WS014","med_trial_2",-2.0104203,0.050095454,"250-400ms","ch4",0.026871657,"WS014"
"WS014","med_trial_2",-2.0104203,0.050095454,"250-400ms","ch12",-0.03611517,"WS014"
"WS014","med_trial_2",-2.0104203,0.050095454,"250-400ms","ch13",0.007393938,"WS014"
"WS014","high_trial_1",-0.35884872,0.6140455,"50-250ms","ch3",-0.42352918,"WS014"
"WS014","high_trial_1",-0.35884872,0.6140455,"50-250ms","ch4",-0.3002923,"WS014"
"WS014","high_trial_1",-0.35884872,0.6140455,"50-250ms","ch12",-0.877982,"WS014"
"WS014","high_trial_1",-0.35884872,0.6140455,"50-250ms","ch13",0.16640867,"WS014"
"WS014","high_trial_1",-0.35884872,0.6140455,"250-400ms","ch3",0.89116186,"WS014"
"WS014","high_trial_1",-0.35884872,0.6140455,"250-400ms","ch4",0.47072008,"WS014"
"WS014","high_trial_1",-0.35884872,0.6140455,"250-400ms","ch12",1.3124133,"WS014"
"WS014","high_trial_1",-0.35884872,0.6140455,"250-400ms","ch13",-0.21811354,"WS014"
"WS014","high_trial_2",-1.3707823,-1.2767136,"50-250ms","ch3",-1.6901921,"WS014"
"WS014","high_trial_2",-1.3707823,-1.2767136,"50-250ms","ch4",-1.2125531,"WS014"
"WS014","high_trial_2",-1.3707823,-1.2767136,"50-250ms","ch12",-1.784602,"WS014"
"WS014","high_trial_2",-1.3707823,-1.2767136,"50-250ms","ch13",-0.79578173,"WS014"
"WS014","high_trial_2",-1.3707823,-1.2767136,"250-400ms","ch3",-1.8589416,"WS014"
"WS014","high_trial_2",-1.3707823,-1.2767136,"250-400ms","ch4",-1.1602086,"WS014"
"WS014","high_trial_2",-1.3707823,-1.2767136,"250-400ms","ch12",-0.75102204,"WS014"
"WS014","high_trial_2",-1.3707823,-1.2767136,"250-400ms","ch13",-1.336682,"WS014"
"WS015","low_trial_1",0.6034246,-1.1501459,"50-250ms","ch3",-0.39189062,"WS015"
"WS015","low_trial_1",0.6034246,-1.1501459,"50-250ms","ch4",1.5962689,"WS015"
"WS015","low_trial_1",0.6034246,-1.1501459,"50-250ms","ch12",0.38042328,"WS015"
"WS015","low_trial_1",0.6034246,-1.1501459,"50-250ms","ch13",0.8288969,"WS015"
"WS015","low_trial_1",0.6034246,-1.1501459,"250-400ms","ch3",-0.5048583,"WS015"
"WS015","low_trial_1",0.6034246,-1.1501459,"250-400ms","ch4",-2.019762,"WS015"
"WS015","low_trial_1",0.6034246,-1.1501459,"250-400ms","ch12",-0.8464732,"WS015"
"WS015","low_trial_1",0.6034246,-1.1501459,"250-400ms","ch13",-1.2294902,"WS015"
"WS015","low_trial_2",0.38346565,-0.8990695,"50-250ms","ch3",-0.12793806,"WS015"
"WS015","low_trial_2",0.38346565,-0.8990695,"50-250ms","ch4",0.6763587,"WS015"
"WS015","low_trial_2",0.38346565,-0.8990695,"50-250ms","ch12",0.45252204,"WS015"
"WS015","low_trial_2",0.38346565,-0.8990695,"50-250ms","ch13",0.53291994,"WS015"
"WS015","low_trial_2",0.38346565,-0.8990695,"250-400ms","ch3",-0.78770566,"WS015"
"WS015","low_trial_2",0.38346565,-0.8990695,"250-400ms","ch4",-1.1367728,"WS015"
"WS015","low_trial_2",0.38346565,-0.8990695,"250-400ms","ch12",-1.0495683,"WS015"
"WS015","low_trial_2",0.38346565,-0.8990695,"250-400ms","ch13",-0.6222312,"WS015"
"WS015","med_trial_1",1.1346586,-0.7595683,"50-250ms","ch3",1.3566375,"WS015"
"WS015","med_trial_1",1.1346586,-0.7595683,"50-250ms","ch4",1.074459,"WS015"
"WS015","med_trial_1",1.1346586,-0.7595683,"50-250ms","ch12",0.69277155,"WS015"
"WS015","med_trial_1",1.1346586,-0.7595683,"50-250ms","ch13",1.4147664,"WS015"
"WS015","med_trial_1",1.1346586,-0.7595683,"250-400ms","ch3",-0.29417306,"WS015"
"WS015","med_trial_1",1.1346586,-0.7595683,"250-400ms","ch4",-0.91561097,"WS015"
"WS015","med_trial_1",1.1346586,-0.7595683,"250-400ms","ch12",-1.4305242,"WS015"
"WS015","med_trial_1",1.1346586,-0.7595683,"250-400ms","ch13",-0.39796472,"WS015"
"WS015","med_trial_2",0.3897469,0.13441575,"50-250ms","ch3",0.1890962,"WS015"
"WS015","med_trial_2",0.3897469,0.13441575,"50-250ms","ch4",0.6925921,"WS015"
"WS015","med_trial_2",0.3897469,0.13441575,"50-250ms","ch12",0.66767126,"WS015"
"WS015","med_trial_2",0.3897469,0.13441575,"50-250ms","ch13",0.009628045,"WS015"
"WS015","med_trial_2",0.3897469,0.13441575,"250-400ms","ch3",0.38009486,"WS015"
"WS015","med_trial_2",0.3897469,0.13441575,"250-400ms","ch4",-0.07198524,"WS015"
"WS015","med_trial_2",0.3897469,0.13441575,"250-400ms","ch12",-0.6715673,"WS015"
"WS015","med_trial_2",0.3897469,0.13441575,"250-400ms","ch13",0.90112066,"WS015"
"WS015","high_trial_1",0.90999573,-1.1625923,"50-250ms","ch3",0.7378054,"WS015"
"WS015","high_trial_1",0.90999573,-1.1625923,"50-250ms","ch4",1.2525576,"WS015"
"WS015","high_trial_1",0.90999573,-1.1625923,"50-250ms","ch12",1.1877875,"WS015"
"WS015","high_trial_1",0.90999573,-1.1625923,"50-250ms","ch13",0.46183223,"WS015"
"WS015","high_trial_1",0.90999573,-1.1625923,"250-400ms","ch3",-1.1110415,"WS015"
"WS015","high_trial_1",0.90999573,-1.1625923,"250-400ms","ch4",-1.4644504,"WS015"
"WS015","high_trial_1",0.90999573,-1.1625923,"250-400ms","ch12",-1.2593431,"WS015"
"WS015","high_trial_1",0.90999573,-1.1625923,"250-400ms","ch13",-0.8155342,"WS015"
"WS015","high_trial_2",2.1887653,2.665244,"50-250ms","ch3",1.9765153,"WS015"
"WS015","high_trial_2",2.1887653,2.665244,"50-250ms","ch4",2.463581,"WS015"
"WS015","high_trial_2",2.1887653,2.665244,"50-250ms","ch12",2.7196233,"WS015"
"WS015","high_trial_2",2.1887653,2.665244,"50-250ms","ch13",1.5953413,"WS015"
"WS015","high_trial_2",2.1887653,2.665244,"250-400ms","ch3",2.5194445,"WS015"
"WS015","high_trial_2",2.1887653,2.665244,"250-400ms","ch4",2.4975328,"WS015"
"WS015","high_trial_2",2.1887653,2.665244,"250-400ms","ch12",2.1928306,"WS015"
"WS015","high_trial_2",2.1887653,2.665244,"250-400ms","ch13",3.4511683,"WS015"
